title,score,url,num_comments
[MEGATHREAD] UCR course database,195,https://www.reddit.com/r/ucr/comments/638mh5/megathread_ucr_course_database/,29
Parking services is cringe,28,https://www.reddit.com/r/ucr/comments/12xoniw/parking_services_is_cringe/,7
Linden and canyon st rant incident,12,https://www.reddit.com/r/ucr/comments/12xr0ik/linden_and_canyon_st_rant_incident/,8
Still haven‚Äôt received any update on my transfer application,10,https://www.reddit.com/r/ucr/comments/12xjtom/still_havent_received_any_update_on_my_transfer/,6
Math Placement Test,5,https://www.reddit.com/r/ucr/comments/12xqh9v/math_placement_test/,2
Glen mor new building?,2,https://www.reddit.com/r/ucr/comments/12xum48/glen_mor_new_building/,1
Can we decorate grad caps/gowns?,15,https://www.reddit.com/r/ucr/comments/12x7xz3/can_we_decorate_grad_capsgowns/,0
Is there a Discord or GroupMe for CLA010?,3,https://www.reddit.com/r/ucr/comments/12xng55/is_there_a_discord_or_groupme_for_cla010/,0
housing for second year,1,https://www.reddit.com/r/ucr/comments/12xwa6a/housing_for_second_year/,1
Has anyone attended UCR but still lived in LA?,1,https://www.reddit.com/r/ucr/comments/12xw558/has_anyone_attended_ucr_but_still_lived_in_la/,3
"Emergency, research help neededüò≠",0,https://www.reddit.com/r/ucr/comments/12xvsae/emergency_research_help_needed/,0
Fall Housing,3,https://www.reddit.com/r/ucr/comments/12xd2zy/fall_housing/,5
Waitlisted Wednesday‚Äôs ASPB Event,1,https://www.reddit.com/r/ucr/comments/12xn05k/waitlisted_wednesdays_aspb_event/,3
Gpa that got u in?(doing survey for high school stats class),20,https://www.reddit.com/r/ucr/comments/12wv2ri/gpa_that_got_u_indoing_survey_for_high_school/,83
Extra grad ticket for CNAS June 20th at 1 pm,3,https://www.reddit.com/r/ucr/comments/12x8f6w/extra_grad_ticket_for_cnas_june_20th_at_1_pm/,2
Library Fine,4,https://www.reddit.com/r/ucr/comments/12x3lkn/library_fine/,2
CS005 discord,2,https://www.reddit.com/r/ucr/comments/12x4i82/cs005_discord/,0
stat 155 discord,2,https://www.reddit.com/r/ucr/comments/12x46jo/stat_155_discord/,1
Incoming Freshmen looking for Student ID,5,https://www.reddit.com/r/ucr/comments/12wtb9x/incoming_freshmen_looking_for_student_id/,4
Difference between HISA119 & HISA119S?,2,https://www.reddit.com/r/ucr/comments/12x1gyz/difference_between_hisa119_hisa119s/,4
hist20 and econ03 discord plss,1,https://www.reddit.com/r/ucr/comments/12x5ybq/hist20_and_econ03_discord_plss/,1
Gym with someone?,1,https://www.reddit.com/r/ucr/comments/12x3hyk/gym_with_someone/,1
AWPE Examples,5,https://www.reddit.com/r/ucr/comments/12wkivm/awpe_examples/,8
"Need advice - got accepted for Biz eco in CHASS , but want to do graduate from Business school",2,https://www.reddit.com/r/ucr/comments/12wso3m/need_advice_got_accepted_for_biz_eco_in_chass_but/,3
Sub Leasing Room for Summer,2,https://www.reddit.com/r/ucr/comments/12wmf3f/sub_leasing_room_for_summer/,0
what do you guys cook?,27,https://www.reddit.com/r/ucr/comments/12vsx34/what_do_you_guys_cook/,17
dorming as a minor,0,https://www.reddit.com/r/ucr/comments/12wta8x/dorming_as_a_minor/,17
The Plaza Apartment Roomate,0,https://www.reddit.com/r/ucr/comments/12wltrr/the_plaza_apartment_roomate/,0
Is campus pretty empty on Friday evenings?,9,https://www.reddit.com/r/ucr/comments/12vw934/is_campus_pretty_empty_on_friday_evenings/,6
No. 20 ‚Äî Classified Ads from UCR Highlander 1971-1975,34,https://i.redd.it/vaq6y05c6iva1.png,1
USD vs UCR : which one is good for CSE ?,0,https://www.reddit.com/r/ucr/comments/12wd4zt/usd_vs_ucr_which_one_is_good_for_cse/,2
looking for 4b2b nd leases,0,https://www.reddit.com/r/ucr/comments/12wq1z3/looking_for_4b2b_nd_leases/,0
Is Vosotros on the Spanish placement exam?,7,https://www.reddit.com/r/ucr/comments/12vmwtz/is_vosotros_on_the_spanish_placement_exam/,7
Off campus apartment recommendations,2,https://www.reddit.com/r/ucr/comments/12vukzt/off_campus_apartment_recommendations/,0
"If I pass my AP Stats exam but did not take AP Calc AB or BC, do I still have to take the Mathematics Advisory Exam (MAE)?",4,https://www.reddit.com/r/ucr/comments/12vlw4g/if_i_pass_my_ap_stats_exam_but_did_not_take_ap/,8
Anyone interested in going to the Big Bubble Rave next weekend?,6,https://www.reddit.com/r/ucr/comments/12viiis/anyone_interested_in_going_to_the_big_bubble_rave/,1
Bannockburn AC,17,https://www.reddit.com/r/ucr/comments/12v66gu/bannockburn_ac/,7
Looking for someone to take over my lease for July,0,https://www.reddit.com/r/ucr/comments/12vv9g4/looking_for_someone_to_take_over_my_lease_for_july/,0
Looking for Roommate ASAP ($438 mRent),1,https://www.reddit.com/r/ucr/comments/12vuwft/looking_for_roommate_asap_438_mrent/,0
No. 21 ‚Äî Classified Ads from UCR Highlander 1971-1975,2,https://i.redd.it/3fe5t23m6iva1.png,0
Grad tickets,2,https://www.reddit.com/r/ucr/comments/12vnbhp/grad_tickets/,6
Study buddies,1,https://www.reddit.com/r/ucr/comments/12vsifk/study_buddies/,13
Math placement test?,0,https://www.reddit.com/r/ucr/comments/12vsepd/math_placement_test/,2
looking for one or two people to our place in a room in a 4b4b apartment . It will cost $1200 if it is a single occupancy and $600 if double occupancy for 2 people . It is just 1.5 miles away from UCR . interested folks dm me,1,https://www.reddit.com/r/ucr/comments/12vr18u/looking_for_one_or_two_people_to_our_place_in_a/,0
Grad tickets,1,https://www.reddit.com/r/ucr/comments/12vqh1g/grad_tickets/,0
How to join track team?,1,https://www.reddit.com/r/ucr/comments/12vq8eb/how_to_join_track_team/,2
Is this happening to anyone else? Also can‚Äôt see my term schedule on my computer.,2,https://i.redd.it/r85ttvdgdjva1.jpg,2
Spanish Placement Exam,1,https://www.reddit.com/r/ucr/comments/12voci5/spanish_placement_exam/,1
LOL Refreshing on a hot day like todayüê≥,239,https://i.redd.it/5c5wi4xr3ava1.jpg,18
Still available! Private 1b1b in 4b4b furnished apartment! (Females only),0,https://www.reddit.com/r/ucr/comments/12vtvoa/still_available_private_1b1b_in_4b4b_furnished/,0
